{"AL":[39.55,19.18574,42.70968,21.123890000000003],"AR":[-82.88065999999999,-73.09403999999999,-21.77065,-34.52706],"AT":[46.33333,9.4442,49.11667,17.206380000000003],"AU":[-43.66149,113.31667,-9.13333,159.1683],"BE":[49.4,2.4666699999999997,51.60014,6.484229999999999],"BG":[41.166669999999996,22.27308,44.29361,28.682100000000002],"BR":[-33.83694,-73.88333,4.86857,-32.3107],"BY":[50.61667,23.113599999999998,56.23742,32.8455],"CA":[41.64306,-141.1045,82.60168999999999,-52.54804],"CH":[45.72053,5.87153,47.89817,10.56322],"CN":[16.73387,73.64173000000001,53.6,134.77222],"CZ":[48.46667,12.02089,51.135310000000004,18.935000000000002],"DE":[47.21636,5.77941,55.14463,15.12895],"DK":[54.46832,8.01667,57.82819,15.28783],"ES":[27.541339999999998,-18.200000000000003,43.871590000000005,4.39926],"FI":[59.68107,20.698459999999997,70.18213999999999,31.56764],"FR":[10.192160000000001,-109.30722,51.17786,9.64907],"GB":[34.483329999999995,-8.66972,60.92478,33.9896],"HR":[42.29258,13.3979,46.62802,19.476940000000003],"HU":[45.65,16.065009999999997,48.68333,22.96667],"IE":[51.345,-10.56194,55.47694,-5.919440000000001],"IN":[6.70833,68.13063000000001,35.43902,97.19086],"IT":[35.39568,6.58333,47.15486,18.59102],"JP":[23.959539999999997,30.869329999999998,45.61638,148.76355999999998],"KR":[33.018049999999995,124.51222,40.36974,131.01166999999998],"MD":[45.38167,26.57122,48.57118,30.19611],"MK":[40.77556,20.35917,42.46556,23.056240000000003],"MX":[14.435880000000001,-118.40110999999999,32.81488,-86.62603],"NL":[17.40375,-63.08224,53.587070000000004,7.415279999999999],"NO":[57.88333,4.53134,71.26666999999999,31.21777],"NZ":[-50.854600000000005,-176.91666999999998,-34.34202,178.58333],"PL":[48.96582,13.950000000000001,55.03333,24.212130000000002],"PT":[29.933919999999997,-31.36233,42.251780000000004,-6.114520000000001],"RO":[43.416669999999996,20.216669999999997,48.35,29.75403],"RU":[41.184129999999996,-179.85143,75.91301,179.85],"SE":[55.24337,10.9,69.00553,66.40509],"SI":[43.983329999999995,13.31725,47.03333,17.566670000000002],"SK":[47.63892,16.74882,49.65555,22.625320000000002],"UA":[44.29312,22.061239999999998,54.43333,42.016670000000005],"US":[18.86149,-176.73402,71.48555999999999,178.9775]}